{
    "plddts": {
        "model_1_pred_0": 67.2828923935263,
        "model_2_pred_0": 65.1982949757166,
        "model_3_pred_0": 66.16576003080577,
        "model_4_pred_0": 64.6097933795035,
        "model_5_pred_0": 65.72990635570578
    },
    "order": [
        "model_1_pred_0",
        "model_3_pred_0",
        "model_5_pred_0",
        "model_2_pred_0",
        "model_4_pred_0"
    ]
}