{
    "plddts": {
        "model_1_pred_0": 82.27443151147176,
        "model_2_pred_0": 81.86607926765,
        "model_3_pred_0": 81.53962995767859,
        "model_4_pred_0": 80.21646317346692,
        "model_5_pred_0": 80.50254230964332
    },
    "order": [
        "model_1_pred_0",
        "model_2_pred_0",
        "model_3_pred_0",
        "model_5_pred_0",
        "model_4_pred_0"
    ]
}