{
    "plddts": {
        "model_1_pred_0": 91.7670339427919,
        "model_2_pred_0": 89.67388287872052,
        "model_3_pred_0": 87.20075226903109,
        "model_4_pred_0": 91.78363811405315,
        "model_5_pred_0": 91.61267660975442
    },
    "order": [
        "model_4_pred_0",
        "model_1_pred_0",
        "model_5_pred_0",
        "model_2_pred_0",
        "model_3_pred_0"
    ]
}