{
    "plddts": {
        "model_1_pred_0": 74.78410270669235,
        "model_2_pred_0": 72.03208934909168,
        "model_3_pred_0": 71.77527840500751,
        "model_4_pred_0": 71.53541123995431,
        "model_5_pred_0": 71.52803478498876
    },
    "order": [
        "model_1_pred_0",
        "model_2_pred_0",
        "model_3_pred_0",
        "model_4_pred_0",
        "model_5_pred_0"
    ]
}