{
    "plddts": {
        "model_1_pred_0": 78.05516438749838,
        "model_2_pred_0": 76.9558059422029,
        "model_3_pred_0": 75.6707905086392,
        "model_4_pred_0": 75.12244713592486,
        "model_5_pred_0": 74.19859732956579
    },
    "order": [
        "model_1_pred_0",
        "model_2_pred_0",
        "model_3_pred_0",
        "model_4_pred_0",
        "model_5_pred_0"
    ]
}