{
    "plddts": {
        "model_1_pred_0": 91.62866500729287,
        "model_2_pred_0": 91.43598951392677,
        "model_3_pred_0": 88.34650957212111,
        "model_4_pred_0": 88.12008408812484,
        "model_5_pred_0": 87.96366110257705
    },
    "order": [
        "model_1_pred_0",
        "model_2_pred_0",
        "model_3_pred_0",
        "model_4_pred_0",
        "model_5_pred_0"
    ]
}