{
    "plddts": {
        "model_1_pred_0": 76.50206838158377,
        "model_2_pred_0": 75.89340114990524,
        "model_3_pred_0": 73.40875540384263,
        "model_4_pred_0": 72.80896888314727,
        "model_5_pred_0": 72.33957887164932
    },
    "order": [
        "model_1_pred_0",
        "model_2_pred_0",
        "model_3_pred_0",
        "model_4_pred_0",
        "model_5_pred_0"
    ]
}