{
    "plddts": {
        "model_1_pred_0": 91.36827363398784,
        "model_2_pred_0": 88.65830833500671,
        "model_3_pred_0": 86.3987552108958,
        "model_4_pred_0": 91.40284434485446,
        "model_5_pred_0": 91.17121070917962
    },
    "order": [
        "model_4_pred_0",
        "model_1_pred_0",
        "model_5_pred_0",
        "model_2_pred_0",
        "model_3_pred_0"
    ]
}