{
    "plddts": {
        "model_1_pred_0": 91.8436877510393,
        "model_2_pred_0": 91.70930778606159,
        "model_3_pred_0": 88.15971424297717,
        "model_4_pred_0": 87.96396796882469,
        "model_5_pred_0": 88.0512032397138
    },
    "order": [
        "model_1_pred_0",
        "model_2_pred_0",
        "model_3_pred_0",
        "model_5_pred_0",
        "model_4_pred_0"
    ]
}