{
    "plddts": {
        "model_1_pred_0": 90.85986651159536,
        "model_2_pred_0": 90.46376599814202,
        "model_3_pred_0": 92.89269637898113,
        "model_4_pred_0": 91.82877559491631,
        "model_5_pred_0": 90.94324911500814
    },
    "order": [
        "model_3_pred_0",
        "model_4_pred_0",
        "model_5_pred_0",
        "model_1_pred_0",
        "model_2_pred_0"
    ]
}