{
    "plddts": {
        "model_1_pred_0": 88.56923661830608,
        "model_2_pred_0": 87.17903254311584,
        "model_3_pred_0": 86.58748237605921,
        "model_4_pred_0": 85.7065428784772,
        "model_5_pred_0": 85.2776290192472
    },
    "order": [
        "model_1_pred_0",
        "model_2_pred_0",
        "model_3_pred_0",
        "model_4_pred_0",
        "model_5_pred_0"
    ]
}