{
    "plddts": {
        "model_1_pred_0": 74.91944039704514,
        "model_2_pred_0": 71.8420945369445,
        "model_3_pred_0": 72.66721087847652,
        "model_4_pred_0": 71.86177190984148,
        "model_5_pred_0": 71.63710118913708
    },
    "order": [
        "model_1_pred_0",
        "model_3_pred_0",
        "model_4_pred_0",
        "model_2_pred_0",
        "model_5_pred_0"
    ]
}