{
    "plddts": {
        "model_1_pred_0": 95.65872903142518,
        "model_2_pred_0": 95.72223382413766,
        "model_3_pred_0": 95.75687757170954,
        "model_4_pred_0": 95.36311863406547,
        "model_5_pred_0": 95.5242815848858
    },
    "order": [
        "model_3_pred_0",
        "model_2_pred_0",
        "model_1_pred_0",
        "model_5_pred_0",
        "model_4_pred_0"
    ]
}