{
    "plddts": {
        "model_1_pred_0": 91.44647660824785,
        "model_2_pred_0": 88.91619725328862,
        "model_3_pred_0": 87.26236292750819,
        "model_4_pred_0": 91.55637653400117,
        "model_5_pred_0": 91.4413504558207
    },
    "order": [
        "model_4_pred_0",
        "model_1_pred_0",
        "model_5_pred_0",
        "model_2_pred_0",
        "model_3_pred_0"
    ]
}