{
    "plddts": {
        "model_1_pred_0": 80.27750329657633,
        "model_2_pred_0": 80.48176107176882,
        "model_3_pred_0": 79.13913517968656,
        "model_4_pred_0": 79.34612178199735,
        "model_5_pred_0": 79.57218593661469
    },
    "order": [
        "model_2_pred_0",
        "model_1_pred_0",
        "model_5_pred_0",
        "model_4_pred_0",
        "model_3_pred_0"
    ]
}