{
    "plddts": {
        "model_1_pred_0": 90.60437724215336,
        "model_2_pred_0": 90.5282675951408,
        "model_3_pred_0": 92.69333556115097,
        "model_4_pred_0": 91.90713729087773,
        "model_5_pred_0": 90.71127731174305
    },
    "order": [
        "model_3_pred_0",
        "model_4_pred_0",
        "model_5_pred_0",
        "model_1_pred_0",
        "model_2_pred_0"
    ]
}