{
    "plddts": {
        "model_1_pred_0": 88.91433192524732,
        "model_2_pred_0": 88.05179108081914,
        "model_3_pred_0": 86.19859432747985,
        "model_4_pred_0": 83.92752328446294,
        "model_5_pred_0": 85.95720331282753
    },
    "order": [
        "model_1_pred_0",
        "model_2_pred_0",
        "model_3_pred_0",
        "model_5_pred_0",
        "model_4_pred_0"
    ]
}