{
    "plddts": {
        "model_1_pred_0": 91.39139292512405,
        "model_2_pred_0": 89.12065385527694,
        "model_3_pred_0": 86.8768643903669,
        "model_4_pred_0": 90.98339074886717,
        "model_5_pred_0": 91.106091469361
    },
    "order": [
        "model_1_pred_0",
        "model_5_pred_0",
        "model_4_pred_0",
        "model_2_pred_0",
        "model_3_pred_0"
    ]
}