{
    "plddts": {
        "model_1_pred_0": 76.16875594663648,
        "model_2_pred_0": 75.50078682551163,
        "model_3_pred_0": 73.56564936865843,
        "model_4_pred_0": 71.62478362345688,
        "model_5_pred_0": 72.44033081548123
    },
    "order": [
        "model_1_pred_0",
        "model_2_pred_0",
        "model_3_pred_0",
        "model_5_pred_0",
        "model_4_pred_0"
    ]
}