{
    "plddts": {
        "model_1_pred_0": 67.68008945666375,
        "model_2_pred_0": 66.38526757517276,
        "model_3_pred_0": 64.27192210387561,
        "model_4_pred_0": 65.77486598619025,
        "model_5_pred_0": 63.58261107104149
    },
    "order": [
        "model_1_pred_0",
        "model_2_pred_0",
        "model_4_pred_0",
        "model_3_pred_0",
        "model_5_pred_0"
    ]
}