{
    "plddts": {
        "model_1_pred_0": 81.99084299897974,
        "model_2_pred_0": 81.98159888525765,
        "model_3_pred_0": 81.2332918833381,
        "model_4_pred_0": 79.41464358321073,
        "model_5_pred_0": 80.19540985624373
    },
    "order": [
        "model_1_pred_0",
        "model_2_pred_0",
        "model_3_pred_0",
        "model_5_pred_0",
        "model_4_pred_0"
    ]
}