{
    "plddts": {
        "model_1_pred_0": 74.75797671109389,
        "model_2_pred_0": 72.23506780269369,
        "model_3_pred_0": 72.65608997003802,
        "model_4_pred_0": 71.73865235612358,
        "model_5_pred_0": 71.2879053480224
    },
    "order": [
        "model_1_pred_0",
        "model_3_pred_0",
        "model_2_pred_0",
        "model_4_pred_0",
        "model_5_pred_0"
    ]
}