{
    "plddts": {
        "model_1_pred_0": 76.23628652533692,
        "model_2_pred_0": 74.59667403239479,
        "model_3_pred_0": 73.73972192469401,
        "model_4_pred_0": 73.17240950618275,
        "model_5_pred_0": 72.57923641500237
    },
    "order": [
        "model_1_pred_0",
        "model_2_pred_0",
        "model_3_pred_0",
        "model_4_pred_0",
        "model_5_pred_0"
    ]
}