{
    "plddts": {
        "model_1_pred_0": 91.21972850660522,
        "model_2_pred_0": 91.02614626956199,
        "model_3_pred_0": 90.54404619304704,
        "model_4_pred_0": 90.46458537011567,
        "model_5_pred_0": 90.49102468262656
    },
    "order": [
        "model_1_pred_0",
        "model_2_pred_0",
        "model_3_pred_0",
        "model_5_pred_0",
        "model_4_pred_0"
    ]
}