{
    "plddts": {
        "model_1_pred_0": 91.63918682054447,
        "model_2_pred_0": 90.08188368105819,
        "model_3_pred_0": 87.53331764991015,
        "model_4_pred_0": 91.81978947578985,
        "model_5_pred_0": 91.46037898672228
    },
    "order": [
        "model_4_pred_0",
        "model_1_pred_0",
        "model_5_pred_0",
        "model_2_pred_0",
        "model_3_pred_0"
    ]
}