{
    "plddts": {
        "model_1_pred_0": 78.71493112314657,
        "model_2_pred_0": 77.75365854446673,
        "model_3_pred_0": 74.08004712181743,
        "model_4_pred_0": 74.2199148409583,
        "model_5_pred_0": 74.78836635001943
    },
    "order": [
        "model_1_pred_0",
        "model_2_pred_0",
        "model_5_pred_0",
        "model_4_pred_0",
        "model_3_pred_0"
    ]
}