{
    "plddts": {
        "model_1_pred_0": 63.2555250038009,
        "model_2_pred_0": 60.03073013606604,
        "model_3_pred_0": 60.21710074046891,
        "model_4_pred_0": 61.34758352146457,
        "model_5_pred_0": 60.75817856621179
    },
    "order": [
        "model_1_pred_0",
        "model_4_pred_0",
        "model_5_pred_0",
        "model_3_pred_0",
        "model_2_pred_0"
    ]
}