{
    "plddts": {
        "model_1_pred_0": 91.74972275667369,
        "model_2_pred_0": 89.23631995727568,
        "model_3_pred_0": 87.64613486710546,
        "model_4_pred_0": 91.2880097324886,
        "model_5_pred_0": 91.37824869204398
    },
    "order": [
        "model_1_pred_0",
        "model_5_pred_0",
        "model_4_pred_0",
        "model_2_pred_0",
        "model_3_pred_0"
    ]
}