{
    "plddts": {
        "model_1_pred_0": 91.04465443173031,
        "model_2_pred_0": 88.42377778043151,
        "model_3_pred_0": 86.32744944489315,
        "model_4_pred_0": 91.28649974778574,
        "model_5_pred_0": 91.6802800430524
    },
    "order": [
        "model_5_pred_0",
        "model_4_pred_0",
        "model_1_pred_0",
        "model_2_pred_0",
        "model_3_pred_0"
    ]
}