{
    "plddts": {
        "model_1_pred_0": 90.94489848542207,
        "model_2_pred_0": 90.67462857884126,
        "model_3_pred_0": 93.37974016992887,
        "model_4_pred_0": 91.90704514552631,
        "model_5_pred_0": 90.7688009900816
    },
    "order": [
        "model_3_pred_0",
        "model_4_pred_0",
        "model_1_pred_0",
        "model_5_pred_0",
        "model_2_pred_0"
    ]
}