{
    "plddts": {
        "model_1_pred_0": 79.91110092227856,
        "model_2_pred_0": 80.30252570084198,
        "model_3_pred_0": 79.11049651037835,
        "model_4_pred_0": 79.9599001022873,
        "model_5_pred_0": 80.12817070552494
    },
    "order": [
        "model_2_pred_0",
        "model_5_pred_0",
        "model_4_pred_0",
        "model_1_pred_0",
        "model_3_pred_0"
    ]
}