{
    "plddts": {
        "model_1_pred_0": 91.23069627846209,
        "model_2_pred_0": 88.75167590640486,
        "model_3_pred_0": 85.54872713411268,
        "model_4_pred_0": 90.96732952193501,
        "model_5_pred_0": 91.70207041499533
    },
    "order": [
        "model_5_pred_0",
        "model_1_pred_0",
        "model_4_pred_0",
        "model_2_pred_0",
        "model_3_pred_0"
    ]
}