{
    "plddts": {
        "model_1_pred_0": 63.05087528985669,
        "model_2_pred_0": 60.03091812765606,
        "model_3_pred_0": 60.37552821394522,
        "model_4_pred_0": 61.31504581627788,
        "model_5_pred_0": 60.41713733253438
    },
    "order": [
        "model_1_pred_0",
        "model_4_pred_0",
        "model_5_pred_0",
        "model_3_pred_0",
        "model_2_pred_0"
    ]
}