{
    "plddts": {
        "model_1_pred_0": 95.5636514117222,
        "model_2_pred_0": 95.61153713336876,
        "model_3_pred_0": 95.64727851999055,
        "model_4_pred_0": 95.4579621337849,
        "model_5_pred_0": 95.36011539629233
    },
    "order": [
        "model_3_pred_0",
        "model_2_pred_0",
        "model_1_pred_0",
        "model_4_pred_0",
        "model_5_pred_0"
    ]
}