{
    "plddts": {
        "model_1_pred_0": 91.5642426511658,
        "model_2_pred_0": 91.28549156652728,
        "model_3_pred_0": 88.55469334122236,
        "model_4_pred_0": 87.65461447041045,
        "model_5_pred_0": 88.14511354346486
    },
    "order": [
        "model_1_pred_0",
        "model_2_pred_0",
        "model_3_pred_0",
        "model_5_pred_0",
        "model_4_pred_0"
    ]
}