{
    "plddts": {
        "model_1_pred_0": 91.46822772416576,
        "model_2_pred_0": 90.95138317018211,
        "model_3_pred_0": 90.67116626610643,
        "model_4_pred_0": 90.98372432113703,
        "model_5_pred_0": 90.61553838324738
    },
    "order": [
        "model_1_pred_0",
        "model_4_pred_0",
        "model_2_pred_0",
        "model_3_pred_0",
        "model_5_pred_0"
    ]
}