{
    "plddts": {
        "model_1_pred_0": 75.14727196477936,
        "model_2_pred_0": 72.340660583766,
        "model_3_pred_0": 72.84404355750847,
        "model_4_pred_0": 72.20658185132642,
        "model_5_pred_0": 71.14750737571995
    },
    "order": [
        "model_1_pred_0",
        "model_3_pred_0",
        "model_2_pred_0",
        "model_4_pred_0",
        "model_5_pred_0"
    ]
}