{
    "plddts": {
        "model_1_pred_0": 66.25781680982263,
        "model_2_pred_0": 64.79505337768606,
        "model_3_pred_0": 64.62312007561344,
        "model_4_pred_0": 63.538006881049704,
        "model_5_pred_0": 64.18267609730124
    },
    "order": [
        "model_1_pred_0",
        "model_2_pred_0",
        "model_3_pred_0",
        "model_5_pred_0",
        "model_4_pred_0"
    ]
}