{
    "plddts": {
        "model_1_pred_0": 84.33983472616845,
        "model_2_pred_0": 83.27942102822682,
        "model_3_pred_0": 83.26263950114812,
        "model_4_pred_0": 83.47719453220135,
        "model_5_pred_0": 83.01870232643009
    },
    "order": [
        "model_1_pred_0",
        "model_4_pred_0",
        "model_2_pred_0",
        "model_3_pred_0",
        "model_5_pred_0"
    ]
}