{
    "plddts": {
        "model_1_pred_0": 86.28696732633703,
        "model_2_pred_0": 84.65428997083906,
        "model_3_pred_0": 84.77602185859834,
        "model_4_pred_0": 86.49810607248175,
        "model_5_pred_0": 88.01292155816812
    },
    "order": [
        "model_5_pred_0",
        "model_4_pred_0",
        "model_1_pred_0",
        "model_3_pred_0",
        "model_2_pred_0"
    ]
}