{
    "plddts": {
        "model_1_pred_0": 90.8053803072836,
        "model_2_pred_0": 89.02353497145135,
        "model_3_pred_0": 87.32416842900176,
        "model_4_pred_0": 90.94769418703126,
        "model_5_pred_0": 89.24781757416372
    },
    "order": [
        "model_4_pred_0",
        "model_1_pred_0",
        "model_5_pred_0",
        "model_2_pred_0",
        "model_3_pred_0"
    ]
}