{
    "plddts": {
        "model_1_pred_0": 73.06298627921828,
        "model_2_pred_0": 71.52363776916451,
        "model_3_pred_0": 72.70142737447974,
        "model_4_pred_0": 70.89427717087267,
        "model_5_pred_0": 70.89327967678199
    },
    "order": [
        "model_1_pred_0",
        "model_3_pred_0",
        "model_2_pred_0",
        "model_4_pred_0",
        "model_5_pred_0"
    ]
}