{
    "plddts": {
        "model_1_pred_0": 91.60545890280862,
        "model_2_pred_0": 91.16936889284969,
        "model_3_pred_0": 88.8176481913381,
        "model_4_pred_0": 87.69311551281706,
        "model_5_pred_0": 87.79663966171823
    },
    "order": [
        "model_1_pred_0",
        "model_2_pred_0",
        "model_3_pred_0",
        "model_5_pred_0",
        "model_4_pred_0"
    ]
}