{
    "plddts": {
        "model_1_pred_0": 91.6688888007535,
        "model_2_pred_0": 89.08568086002559,
        "model_3_pred_0": 87.15947577171369,
        "model_4_pred_0": 91.83018495028526,
        "model_5_pred_0": 91.60705934528694
    },
    "order": [
        "model_4_pred_0",
        "model_1_pred_0",
        "model_5_pred_0",
        "model_2_pred_0",
        "model_3_pred_0"
    ]
}