{
    "plddts": {
        "model_1_pred_0": 91.62276514594411,
        "model_2_pred_0": 91.32721806151058,
        "model_3_pred_0": 88.59385791128868,
        "model_4_pred_0": 87.94814489143391,
        "model_5_pred_0": 88.0456251370186
    },
    "order": [
        "model_1_pred_0",
        "model_2_pred_0",
        "model_3_pred_0",
        "model_5_pred_0",
        "model_4_pred_0"
    ]
}