{
    "plddts": {
        "model_1_pred_0": 91.56961161787974,
        "model_2_pred_0": 91.50120097271554,
        "model_3_pred_0": 89.08835486088014,
        "model_4_pred_0": 88.06158635684389,
        "model_5_pred_0": 88.26830809996855
    },
    "order": [
        "model_1_pred_0",
        "model_2_pred_0",
        "model_3_pred_0",
        "model_5_pred_0",
        "model_4_pred_0"
    ]
}