{
    "plddts": {
        "model_1_pred_0": 91.61015530180558,
        "model_2_pred_0": 88.9331624185419,
        "model_3_pred_0": 86.16991425039656,
        "model_4_pred_0": 90.57954069671838,
        "model_5_pred_0": 91.27242816806307
    },
    "order": [
        "model_1_pred_0",
        "model_5_pred_0",
        "model_4_pred_0",
        "model_2_pred_0",
        "model_3_pred_0"
    ]
}