{
    "plddts": {
        "model_1_pred_0": 89.32951369316176,
        "model_2_pred_0": 88.50935695175107,
        "model_3_pred_0": 86.15298400309949,
        "model_4_pred_0": 89.89664486656406,
        "model_5_pred_0": 88.82166513716876
    },
    "order": [
        "model_4_pred_0",
        "model_1_pred_0",
        "model_5_pred_0",
        "model_2_pred_0",
        "model_3_pred_0"
    ]
}