{
    "plddts": {
        "model_1_pred_0": 85.6424214062062,
        "model_2_pred_0": 85.6335337617835,
        "model_3_pred_0": 86.39967567404784,
        "model_4_pred_0": 83.99418112943198,
        "model_5_pred_0": 83.1796359453931
    },
    "order": [
        "model_3_pred_0",
        "model_1_pred_0",
        "model_2_pred_0",
        "model_4_pred_0",
        "model_5_pred_0"
    ]
}