{
    "plddts": {
        "model_1_pred_0": 79.97477176505768,
        "model_2_pred_0": 79.72821984235043,
        "model_3_pred_0": 79.22532349552856,
        "model_4_pred_0": 79.82159088553014,
        "model_5_pred_0": 80.43035249245007
    },
    "order": [
        "model_5_pred_0",
        "model_1_pred_0",
        "model_4_pred_0",
        "model_2_pred_0",
        "model_3_pred_0"
    ]
}