{
    "plddts": {
        "model_1_pred_0": 91.44559158082693,
        "model_2_pred_0": 91.34503181006217,
        "model_3_pred_0": 87.63870574150422,
        "model_4_pred_0": 87.22135496109837,
        "model_5_pred_0": 86.92756973776434
    },
    "order": [
        "model_1_pred_0",
        "model_2_pred_0",
        "model_3_pred_0",
        "model_4_pred_0",
        "model_5_pred_0"
    ]
}