{
    "plddts": {
        "model_1_pred_0": 86.38728373912654,
        "model_2_pred_0": 84.92385426834642,
        "model_3_pred_0": 84.85942064423678,
        "model_4_pred_0": 86.0050544609626,
        "model_5_pred_0": 88.3627098667641
    },
    "order": [
        "model_5_pred_0",
        "model_1_pred_0",
        "model_4_pred_0",
        "model_2_pred_0",
        "model_3_pred_0"
    ]
}