{
    "plddts": {
        "model_1_pred_0": 91.68613791247323,
        "model_2_pred_0": 91.30640291386989,
        "model_3_pred_0": 88.5915945613434,
        "model_4_pred_0": 87.75303046371576,
        "model_5_pred_0": 88.08739568835745
    },
    "order": [
        "model_1_pred_0",
        "model_2_pred_0",
        "model_3_pred_0",
        "model_5_pred_0",
        "model_4_pred_0"
    ]
}