{
    "plddts": {
        "model_1_pred_0": 74.8011206929157,
        "model_2_pred_0": 71.89910928661412,
        "model_3_pred_0": 72.74235516291273,
        "model_4_pred_0": 71.83212595865731,
        "model_5_pred_0": 71.43146547014352
    },
    "order": [
        "model_1_pred_0",
        "model_3_pred_0",
        "model_2_pred_0",
        "model_4_pred_0",
        "model_5_pred_0"
    ]
}