{
    "plddts": {
        "model_1_pred_0": 91.48733104146092,
        "model_2_pred_0": 88.99473623915803,
        "model_3_pred_0": 86.16993123022968,
        "model_4_pred_0": 91.4908275961142,
        "model_5_pred_0": 91.37076643883759
    },
    "order": [
        "model_4_pred_0",
        "model_1_pred_0",
        "model_5_pred_0",
        "model_2_pred_0",
        "model_3_pred_0"
    ]
}