{
    "plddts": {
        "model_1_pred_0": 79.95935592384046,
        "model_2_pred_0": 80.37126768511665,
        "model_3_pred_0": 79.42838860880414,
        "model_4_pred_0": 79.27228541426572,
        "model_5_pred_0": 79.73065113127198
    },
    "order": [
        "model_2_pred_0",
        "model_1_pred_0",
        "model_5_pred_0",
        "model_3_pred_0",
        "model_4_pred_0"
    ]
}