{
    "plddts": {
        "model_1_pred_0": 72.67557827113875,
        "model_2_pred_0": 70.53595682740306,
        "model_3_pred_0": 69.3530032467175,
        "model_4_pred_0": 68.74911928884826,
        "model_5_pred_0": 67.88504485053681
    },
    "order": [
        "model_1_pred_0",
        "model_2_pred_0",
        "model_3_pred_0",
        "model_4_pred_0",
        "model_5_pred_0"
    ]
}