{
    "plddts": {
        "model_1_pred_0": 91.29322860575057,
        "model_2_pred_0": 88.63056473421275,
        "model_3_pred_0": 85.29989021753548,
        "model_4_pred_0": 90.93984914102806,
        "model_5_pred_0": 91.18975162933087
    },
    "order": [
        "model_1_pred_0",
        "model_5_pred_0",
        "model_4_pred_0",
        "model_2_pred_0",
        "model_3_pred_0"
    ]
}