{
    "plddts": {
        "model_1_pred_0": 72.82905676533161,
        "model_2_pred_0": 71.53113963504734,
        "model_3_pred_0": 72.05441212120525,
        "model_4_pred_0": 71.72996239264229,
        "model_5_pred_0": 69.85661982431033
    },
    "order": [
        "model_1_pred_0",
        "model_3_pred_0",
        "model_4_pred_0",
        "model_2_pred_0",
        "model_5_pred_0"
    ]
}