{
    "plddts": {
        "model_1_pred_0": 73.60582751944163,
        "model_2_pred_0": 73.23785895510429,
        "model_3_pred_0": 72.15343113095366,
        "model_4_pred_0": 72.07097533221213,
        "model_5_pred_0": 71.6253768135763
    },
    "order": [
        "model_1_pred_0",
        "model_2_pred_0",
        "model_3_pred_0",
        "model_4_pred_0",
        "model_5_pred_0"
    ]
}