{
    "plddts": {
        "model_1_pred_0": 91.55856315778905,
        "model_2_pred_0": 91.1992084772764,
        "model_3_pred_0": 88.6274993855568,
        "model_4_pred_0": 87.78351807796052,
        "model_5_pred_0": 87.90628754768757
    },
    "order": [
        "model_1_pred_0",
        "model_2_pred_0",
        "model_3_pred_0",
        "model_5_pred_0",
        "model_4_pred_0"
    ]
}