{
    "plddts": {
        "model_1_pred_0": 73.48571982294688,
        "model_2_pred_0": 73.46127907671918,
        "model_3_pred_0": 71.44628305755424,
        "model_4_pred_0": 72.11152823982228,
        "model_5_pred_0": 71.753640186763
    },
    "order": [
        "model_1_pred_0",
        "model_2_pred_0",
        "model_4_pred_0",
        "model_5_pred_0",
        "model_3_pred_0"
    ]
}