{
    "plddts": {
        "model_1_pred_0": 68.48711270897778,
        "model_2_pred_0": 66.01848380812461,
        "model_3_pred_0": 64.64455728230486,
        "model_4_pred_0": 66.21996056204965,
        "model_5_pred_0": 64.12874923178002
    },
    "order": [
        "model_1_pred_0",
        "model_4_pred_0",
        "model_2_pred_0",
        "model_3_pred_0",
        "model_5_pred_0"
    ]
}