{
    "plddts": {
        "model_1_pred_0": 91.04589234383837,
        "model_2_pred_0": 88.56457137289533,
        "model_3_pred_0": 85.55733196686329,
        "model_4_pred_0": 91.09987096534381,
        "model_5_pred_0": 90.97067964082584
    },
    "order": [
        "model_4_pred_0",
        "model_1_pred_0",
        "model_5_pred_0",
        "model_2_pred_0",
        "model_3_pred_0"
    ]
}