{
    "plddts": {
        "model_1_pred_0": 67.7931692711658,
        "model_2_pred_0": 67.74231509947383,
        "model_3_pred_0": 65.32867818411718,
        "model_4_pred_0": 64.92439169126295,
        "model_5_pred_0": 64.54693762974948
    },
    "order": [
        "model_1_pred_0",
        "model_2_pred_0",
        "model_3_pred_0",
        "model_4_pred_0",
        "model_5_pred_0"
    ]
}