{
    "plddts": {
        "model_1_pred_0": 79.3643378745259,
        "model_2_pred_0": 77.88868683272848,
        "model_3_pred_0": 75.21322130185438,
        "model_4_pred_0": 74.88368744702738,
        "model_5_pred_0": 75.25605416371175
    },
    "order": [
        "model_1_pred_0",
        "model_2_pred_0",
        "model_5_pred_0",
        "model_3_pred_0",
        "model_4_pred_0"
    ]
}