{
    "plddts": {
        "model_1_pred_0": 91.53922135703083,
        "model_2_pred_0": 89.11133001753055,
        "model_3_pred_0": 87.78141734195802,
        "model_4_pred_0": 91.43108579269794,
        "model_5_pred_0": 91.7543793016762
    },
    "order": [
        "model_5_pred_0",
        "model_1_pred_0",
        "model_4_pred_0",
        "model_2_pred_0",
        "model_3_pred_0"
    ]
}