{
    "plddts": {
        "model_1_pred_0": 79.19363377268154,
        "model_2_pred_0": 78.15367711729446,
        "model_3_pred_0": 75.57069149799104,
        "model_4_pred_0": 74.48968889826261,
        "model_5_pred_0": 75.80679551758843
    },
    "order": [
        "model_1_pred_0",
        "model_2_pred_0",
        "model_5_pred_0",
        "model_3_pred_0",
        "model_4_pred_0"
    ]
}