{
    "plddts": {
        "model_1_pred_0": 91.07587905136239,
        "model_2_pred_0": 89.06728436085113,
        "model_3_pred_0": 87.12428082131358,
        "model_4_pred_0": 91.54627680383955,
        "model_5_pred_0": 90.96351995825563
    },
    "order": [
        "model_4_pred_0",
        "model_1_pred_0",
        "model_5_pred_0",
        "model_2_pred_0",
        "model_3_pred_0"
    ]
}