{
    "plddts": {
        "model_1_pred_0": 90.54747548941245,
        "model_2_pred_0": 88.1937560576741,
        "model_3_pred_0": 85.53813524656255,
        "model_4_pred_0": 89.63417175551672,
        "model_5_pred_0": 88.15202132851356
    },
    "order": [
        "model_1_pred_0",
        "model_4_pred_0",
        "model_2_pred_0",
        "model_5_pred_0",
        "model_3_pred_0"
    ]
}