{
    "plddts": {
        "model_1_pred_0": 80.1211337260856,
        "model_2_pred_0": 80.40247284995534,
        "model_3_pred_0": 79.28610478390962,
        "model_4_pred_0": 79.1660620156717,
        "model_5_pred_0": 79.97255170500053
    },
    "order": [
        "model_2_pred_0",
        "model_1_pred_0",
        "model_5_pred_0",
        "model_3_pred_0",
        "model_4_pred_0"
    ]
}